Company Name,LinkedIn URL
10x Genomics,https://www.linkedin.com/in/miguelfeldens
10x Genomics,https://www.linkedin.com/in/rena-bradham-0258a023
10x Genomics,https://www.linkedin.com/in/juliacowen
10x Genomics,https://www.linkedin.com/in/serge-saxonov-7b42572
10x Genomics,https://www.linkedin.com/in/michael-schnall-levin-b0258239
180 Life Sciences Corp.,https://www.linkedin.com/in/vicken-e-2976342/
180 Life Sciences Corp.,https://www.linkedin.com/in/ryan-boland-16bb716
180 Life Sciences Corp.,https://www.linkedin.com/in/sara-pidwell-heston-b203b11
180 Life Sciences Corp.,https://www.linkedin.com/in/paul-denning-ab51b91
180 Life Sciences Corp.,https://www.linkedin.com/in/keith-johnson-cfa-921243
858 Therapeutics,https://www.linkedin.com/in/ryan-k-stansfield
"A2 Biotherapeutics, Inc.",https://www.linkedin.com/in/thomas-leung-632a4527
"A2 Biotherapeutics, Inc.",https://www.linkedin.com/in/adam-perry-314thon
"A2 Biotherapeutics, Inc.",https://www.linkedin.com/in/duval-capozzi-3917797
"A2 Biotherapeutics, Inc.",https://www.linkedin.com/in/mikayel-mkrtichyan-00aa8169
"A2 Biotherapeutics, Inc.",https://www.linkedin.com/in/williamcpetersenjr
"Aadi Bioscience, Inc.",https://www.linkedin.com/in/rebekah-hartwell-pharmd-541a658
"Aadi Bioscience, Inc.",https://www.linkedin.com/in/baiteng-zhao-b40b804
"Aadi Bioscience, Inc.",https://www.linkedin.com/in/lori-covington-0603212b
"Aadi Bioscience, Inc.",https://www.linkedin.com/in/neil-desai-24282ab7
"Aadi Bioscience, Inc.",https://www.linkedin.com/in/edward-spindler-1454818
Aardvark Therapeutics,https://www.linkedin.com/in/dvorit-samid-6287778
Aardvark Therapeutics,https://www.linkedin.com/in/andreas-niethammer-md-phd-4a086323
Aardvark Therapeutics,https://www.linkedin.com/in/zhenhuan-zheng-43a1b02b
Aardvark Therapeutics,https://www.linkedin.com/in/marshallkirkpatrick
Aardvark Therapeutics,https://www.linkedin.com/in/katja-b%C3%BChrer-35a7882a
Aaren Scientific,https://www.linkedin.com/in/ruthsahler
Abbott Vascular - CA,https://www.linkedin.com/in/janak-kaila-1189245
AbbVie,https://www.linkedin.com/in/mike-carlin-cio
AbbVie,https://www.linkedin.com/in/elina-sunny-6b9b4923
AbbVie,https://www.linkedin.com/in/eric-berman-4a9564a
AbbVie,https://www.linkedin.com/in/assil-omar
AbbVie,https://www.linkedin.com/in/johnhassman
"Abgenix, Inc.",https://www.linkedin.com/in/sam-ablao-3a8b1a4
"Abgenix, Inc.",https://www.linkedin.com/in/rey-banatao-b9b68117
"Abgenix, Inc.",https://www.linkedin.com/in/skellermann
"Abgenix, Inc.",https://www.linkedin.com/in/catherine-langfeldt-cavanagh-3522a35
"AbGenomics International, Inc.",https://tw.linkedin.com/in/pei-jiun-chen-ph-d-32566379
"AbGenomics International, Inc.",https://www.linkedin.com/in/stephenpolmar
"AbGenomics International, Inc.",https://tw.linkedin.com/in/keming-huang-98aaa4113
"Abintus Bio, Inc.",https://www.linkedin.com/in/dvorit-samid-6287778
"Abintus Bio, Inc.",https://www.linkedin.com/in/yusri-elsayed-md-mhsc-phd-b7abb75
"Abintus Bio, Inc.",https://uk.linkedin.com/in/rob-woodman-8a383210/en
"Abintus Bio, Inc.",https://www.linkedin.com/in/katharine-knobil-m-d-96b1596a
"Abintus Bio, Inc.",https://www.linkedin.com/in/charles-g-asare-md-mph-627284a
ACADIA Pharmaceuticals Inc.,https://www.linkedin.com/in/mark-schneyer-7671436
ACADIA Pharmaceuticals Inc.,https://www.linkedin.com/in/heather-bradley-4859494a
ACADIA Pharmaceuticals Inc.,https://www.linkedin.com/in/catherineowen
ACADIA Pharmaceuticals Inc.,https://www.linkedin.com/in/brendan-teehan-50b3004
ACADIA Pharmaceuticals Inc.,https://www.linkedin.com/in/prasoon-pancholi-a6a42b4
Accelergy,https://www.linkedin.com/in/bradtichenor
Accelergy,https://www.linkedin.com/in/rocco-fiato-9a052056
Accelergy,https://www.linkedin.com/in/adam-pickett-accelergy
Accelergy,https://www.linkedin.com/in/vance-rea-1768395
Accelergy,https://cn.linkedin.com/in/aaron-long-45138a17
"Accumetrics, Inc.",https://www.linkedin.com/in/terry-packer-64664a4
"Accumetrics, Inc.",https://www.linkedin.com/in/chris-casey-6285ba3
"Accumetrics, Inc.",https://www.linkedin.com/in/kevin-syverson-6238421b
AcelRx Pharmaceuticals Inc,https://www.linkedin.com/in/charles-rampersaud
AcelRx Pharmaceuticals Inc,https://www.linkedin.com/in/vince-angotti-72424897
AcelRx Pharmaceuticals Inc,https://www.linkedin.com/in/nigelray
AcelRx Pharmaceuticals Inc,https://www.linkedin.com/in/michaeldmorrisonms
AcelRx Pharmaceuticals Inc,https://www.linkedin.com/in/robert-a-johnson-ph-d-7799b610b
"Acelyrin, Inc.",https://www.linkedin.com/in/katherine-to-56889715b
"Acelyrin, Inc.",https://www.linkedin.com/in/stephen-thomas-1a265946
"Acelyrin, Inc.",https://www.linkedin.com/in/mark-kresnak-14856922
"Acelyrin, Inc.",https://www.linkedin.com/in/angela-whitehill
"Acelyrin, Inc.",https://www.linkedin.com/in/sarah-p-chesler-4b6b764
"Achaogen, Inc.",https://www.linkedin.com/in/sunny-ryan-cpa-11b67512
"Achaogen, Inc.",https://www.linkedin.com/in/hina-patel-62b44113
"Achaogen, Inc.",https://www.linkedin.com/in/anjahuq
Acologix,https://www.linkedin.com/in/william-richard-light-79a9598
Acologix,https://www.linkedin.com/in/robert-getts-3b92b14
Acologix,https://www.linkedin.com/in/jere-fellmann-9152324
Acologix,https://www.linkedin.com/in/conniehampton
Actelion Pharmaceuticals US Inc,https://www.linkedin.com/in/rehanahussain
Actimis Pharmaceuticals,https://www.linkedin.com/in/tai-wei-ly-a27b864
AcuamarkDx,https://www.linkedin.com/in/ezeddin-fadel
"Acumen Pharmaceuticals, Inc.",https://www.linkedin.com/in/kathy-marcozzi-pierce
"Acumen Pharmaceuticals, Inc.",https://www.linkedin.com/in/amy-schacterle-29b20299
"Acumen Pharmaceuticals, Inc.",https://www.linkedin.com/in/melinda-koehler-4a88751a
"Acumen Pharmaceuticals, Inc.",https://www.linkedin.com/in/william-dormann-4504a746
"Acumen Pharmaceuticals, Inc.",https://www.linkedin.com/in/anna-schaechter-pmp
"Acurastem , Inc.",https://www.linkedin.com/in/philip-athanasiades-096a238
"Acurastem , Inc.",https://tw.linkedin.com/in/wen-yang-lin-ph-d-bb0982338
"Adamas Pharmaceuticals, Inc.",https://www.linkedin.com/in/marthajdemski
"Adamas Pharmaceuticals, Inc.",https://www.linkedin.com/in/imlieb
"Adamas Pharmaceuticals, Inc.",https://www.linkedin.com/in/alf-merriweather-6874441
"Adamas Pharmaceuticals, Inc.",https://www.linkedin.com/in/lgarvey
"Adamas Pharmaceuticals, Inc.",https://www.linkedin.com/in/david-moore-78840ba
Adamis Pharmaceuticals Corporation,https://www.linkedin.com/in/craigjohnson1961
Adamis Pharmaceuticals Corporation,https://www.linkedin.com/in/jonhee
Adamis Pharmaceuticals Corporation,https://www.linkedin.com/in/rand-mulford-33253b50
"Adanate, Inc.",https://www.linkedin.com/in/malcolmbuzon
"ADARx Pharmaceuticals, Inc.",https://www.linkedin.com/in/roshni-ramachandran-phd-dabt-6050b718
"ADARx Pharmaceuticals, Inc.",https://www.linkedin.com/in/christopher-claeboe-ph-d-mba-00286b9
"ADARx Pharmaceuticals, Inc.",https://www.linkedin.com/in/wenshen
"ADARx Pharmaceuticals, Inc.",https://www.linkedin.com/in/roselle-corbaley-m-b-a-25aba019b
"ADARx Pharmaceuticals, Inc.",https://in.linkedin.com/in/daksh-patel-8a08a711b
Adcentrx Therapeutics,https://www.linkedin.com/in/andrewmhopkins
Adcentrx Therapeutics,https://www.linkedin.com/in/joe-shan
Adcentrx Therapeutics,https://www.linkedin.com/in/linda-wang-36b32819
Adcentrx Therapeutics,https://www.linkedin.com/in/michael-melnick-9569003
Adcentrx Therapeutics,https://www.linkedin.com/in/xin-zhang-md-msc-4862a93b
